"Id";"Titulo";"Autor";"qtPaginas";"Emprestado"
"2";"asdfasf";"13";"123123";"true"
"3";"3243";"234";"12312";"true"
"4";"asdfkjn123";"324";"123";"false"
"5";"asdf1";"123";"123";"false"
"6";"123";"123";"123";"true"
"7";"sdf";"234";"123";"false"
"8";"qwer'";"234";"123";"false"
"9";"a2134";"234";"234";"false"
"10";"123";"123";"123";"false"
"11";"324";"234";"123";"false"
"12";"123";"123";"132";"false"
"13";"asdf";"234";"312";"false"
"14";"1234";"213";"213";"false"
"15";"asdf";"23";"34";"false"
"16";"asdf1";"324";"1234";"false"
"17";"a123";"123";"123";"false"
"18";"asdf";"234";"234";"false"
"19";"asdf";"234";"123";"false"
"20";"234";"34";"234";"false"
"21";"asdf";"23";"342";"false"
"22";"123";"213";"123";"false"
"23";"asd";"123";"23";"false"
"24";"asdf";"234";"234";"false"
"25";"234";"234";"32";"false"
"26";"234";"234";"32";"false"
